item_id|date|title|category|content|link|photo_link
cna_20250224_1|2025-02-24|朱立倫籲立委別害怕罷免戰 叮嚀不分區勿鬧事被操作|政治|立法院新會期明天將邀行政院長卓榮泰施政報告，國民黨今天舉行立法實務研討會，據透露，黨主席朱立倫在閉門會議中向黨籍立委喊話，不要害怕罷免的威脅，並提醒罷免戰開打，每名區域立委壓力都很大，要不分區立委「勿鬧事」，讓綠營有見縫插針的機會。國民黨今天上午在智庫舉辦立法實務研討會，由黨中央、立法院黨團、智庫等三方一起開會，討論新會期將推出的優先法案。據與會者透露，朱立倫在閉門會議時提醒，民進黨用罷免打壓、恐嚇在野，大罷免最終還是組織結構問題，區域立委現階段該做的是繼續勤跑地方，讓基層與國民黨站在一起，他自己最近也勤跑地方行程，就是要顧好藍營基本盤。朱立倫在會中表示，自從大罷免戰議題延燒以來，每位國民黨立委的壓力都很大，但某些不分區立委卻只顧著自己的感受，讓外界有機會製造藍營的負面新聞。他提醒沒有選舉的不分區立委「勿鬧事」，民進黨很會抓藍營問題見縫插針，不分區立委要更注意，別讓個人感受被綠營找機會操作。透過 Google News追蹤中央社朱立倫也說，智庫近期不斷在做各種民生議題民調，包括還稅於民、大罷免民意趨勢等民調，近日就會公布，其中，民眾最認同的仍是還稅於民，這也是國民黨要主攻的議題方向。此外，國民黨智庫執行長、立委柯志恩則是在會中表示，綠營在政論節目中將很多政治性法案塞到國民黨這邊，但國民黨根本沒提，這是非常嚴重的政治操作，國民黨立委這會期要專注在民生法案的推動上，如果個別立委想要提出政治性法案，一定要經過黨團的討論，再由黨團提出，請國民黨立委不要貿然提案或外流修法內容。|https://www.cna.com.tw/news/aipl/202502240336.aspx|
cna_20250224_2|2025-02-24|國合會助史瓦帝尼婦女赴印度參展 秀傳統串珠編織|政治|全球最大Surajkund手工藝品商展23日落幕，國合會今天表示，「史瓦帝尼婦女微型企業輔導能力提升計畫」4名輔導戶婦女赴印度參展，秀出史國傳統串珠及編織藝品，國合會為當地婦女創造機會進行國際連結、拓展銷售市場。國合會下午發布新聞稿指出，駐史瓦帝尼王國技術團協助當地婦女創業，受印度駐史瓦帝尼大使館經貿部門邀請，於7日至23日組團赴印度參與第38屆Surajkund國際手工藝商品貿易展，該展為全球最大手工藝商品展，此次共有4名史瓦帝尼婦女在國合會的協助下參展。國合會表示，參展的4名婦女為「史瓦帝尼婦女微型企業輔導能力提升計畫」的輔導戶，本次參展主要以展示史瓦帝尼串珠和塑料編織為主，串珠為當地傳統手工藝，以植物果實、種子或動物骨頭加工成不同形狀，再以串珠手藝製成項圈、手環、腳環等，為當地傳統服飾的重要裝飾配件。至於編織，國合會指出，源於植物草編，近年因考量實用性，開始利用塑料進行創作，由於塑料編織兼顧實用及美觀，漸獲當地市場消費者喜愛。國合會表示，參展的史國婦女對此行感到相當興奮，均表示有機會到海外參展學習，能幫助她們透過觀摩其他不同國家、族群的創作，激盪出產品設計上更多想法，並期待作品在國際間被更多人看見。透過 Google News追蹤中央社國合會指出，根據史瓦帝尼官方資料，史國微小中型企業計有5萬9283家，其產值約占GDP的60%，其中84%屬微型企業，並以女性雇主占多數。國合會副秘書長謝佩芬表示，透過本次參展，國合會為當地婦女創造機會進行國際連結、拓展銷售市場，將受益婦女帶出國實戰，進一步實現外交部長林佳龍期許的榮邦精神，亦即台灣能幫忙，而邦交國（史瓦帝尼）能領路（Taiwan can help, and Eswatini can lead）。|https://www.cna.com.tw/news/aipl/202502240320.aspx|https://imgcdn.cna.com.tw/www/WebPhotos/200/20250224/768x1024_wmkn_0_C20250224000203.jpg
cna_20250224_3|2025-02-24|行政院擬訂第2部國家人權行動計畫 邀國際專家座談|政治|全球數位人權大會今年在台灣舉行，行政院今天說明，將著手研擬第2部國家人權行動計畫，也藉舉行國際諮詢座談會，討論如何透過計畫強化數位人權保障，以及個資保護專業人才培訓等，做為擬定計畫參考。行政院透過發布新聞稿表示，今天登場的2025年第13屆全球數位人權大會（RightsCon）首次在東亞辦理，就選擇台灣做為第一個舉行國，並邀集世界商界領袖、政府代表、技術專家及科技人權等領域的專家或實務工作者等人來台。藉此年度盛會，行政院人權及轉型正義處今天與個人資料保護委員會籌備處、國家資通安全研究院辦理「台灣第2部國家人權行動計畫數位人權議題國際諮詢座談會」，邀4位國際專家來台參與。行政院政務委員林明昕致詞表示，台灣自2022年提出首部「國家人權行動計畫」（NAP）以來，積極推動數位人權保障與發展，也特別將「數位人權議題」列為重要項目，從完善隱私保護、防制數位科技引發各種歧視、遏阻網路性別暴力、提升媒體素養、消弭數位落差等多方面，提出具體行動方案，設定明確目標與時程。林明昕指出，然而，數位發展也引發隱私、資訊安全、言論自由等一系列人權挑戰，對女性、LGBTQIA+、身心障礙者、兒童、原住民族等處境不利群體造成危害，甚至破壞民主國家根基。因此如何促進科技創新，同時保障基本人權，是各國都須面對的急迫課題。行政院轉述，與會的國際專家首先肯定台灣透過制定國家人權行動計畫保障數位人權的做法及成果，並提醒數位發展下的隱私、資訊安全、言論自由、資訊近用及其他人權議題及保障做法，彼此密切連結，但也可能是衝突關係，執行時須重視公私部門等多元利害關係人參與。國際專家還解釋，公開透明政策決定與立法程序也很重要，透過各方利害關係人對話，形塑支持隱私及相關人權保障的共識與社會文化，做為推展各項工作的基礎。國際專家建議，台灣在推動數位人權及個資保護議題時，應在法規中定義明確構成要件、具體可行做法、申訴及救濟程序等，法規內容不僅應符合國際人權規範及指引，並應能通過合法性、必要性及比例原則檢驗，採最小侵害手段，以兼顧數位發展及人權保障需求。|https://www.cna.com.tw/news/aipl/202502240285.aspx|https://imgcdn.cna.com.tw/www/WebPhotos/200/20250224/1152x768_wmkn_0_C20250224000201.jpg
cna_20250224_4|2025-02-24|接見海外228遺屬 卓榮泰：不讓中共對台存有幻想|政治|行政院長卓榮泰今天接見海外228遺屬返鄉團時說，團長王克雄曾指若中共統治台灣，勢必又會發生一個228慘案；他認為「這個預言不會成立」，政府責任是要保護台灣安全，使中共不能對台灣存任何幻想，保證台灣在此地永遠存在。卓榮泰下午在行政院秘書長龔明鑫、僑委會副委員長阮昭雄等人陪同下，接見228遺屬返鄉團團長王克雄等人。卓榮泰致詞表示，1947年發生228事件，對台灣人來說是一個很深、很痛的歷史記憶，當時電視、課本、街頭都沒人討論，40年後才漸漸因民主運動被提起。他說，228事件讓那個時代的台灣人民生活在高壓統治的驚慌中，大家也一直在找發生原因，民進黨前主席姚嘉文曾說，是因為文化落差導致，也就是文化低的統治者，要用槍枝、武力才可以統治文化較高的人民。卓榮泰表示，從1950年開始，台灣內部還不能說228事件時，海外就有人開始討論，海外民主運動的力量很多時候也促進台灣民主運動發展，今天228遺屬返鄉團回到台灣，是個很好的啟示，光明正大走台灣這條路的時候，需要好好認識過去的歷史，並做個歷史的解決。卓榮泰表示，去年5月總統賴清德就任，馬上接手繼續推動轉型正義，包括不義遺址保存條例、國家轉型正義教育行動綱領等，賴總統也支持以「最大開放、最少限制」來做政治檔案解密的重要原則。他說，最重要的是，政府會帶頭建立一個全新的組織跟架構，讓全社會參與，讓歷史意義一一重現。卓榮泰表示，王克雄先前寫一篇文章「勿存幻想，從228看中共將如何統治台灣」並傳給他看，內文談到台灣人已經很習慣抗議、示威、遊行，如果讓沒有民主素養的中共統治台灣，人民絕對受不了這種高壓獨裁專制，勢必又會發生一個228慘案。卓榮泰說，「我想這個預言不會成立」，政府的責任是不讓這個結果發生，不僅要保護台灣安全、國家安全，以民主抵抗專制集權，也要讓低文化不可能統治高文化，使中共不能對台灣存任何幻想，保證台灣在此地永遠存在。|https://www.cna.com.tw/news/aipl/202502240257.aspx|https://imgcdn.cna.com.tw/www/WebPhotos/200/20250224/1200x800_wmky_534117597923_202502240108000000.jpg
cna_20250224_5|2025-02-24|吳釗燮晤日眾議員 盼與民主陣營打造韌性非紅供應鏈|政治|國安會秘書長吳釗燮今天會晤日本眾議院議員玉木雄一郎表示，全球經濟正面對中國過量生產及低價傾銷的衝擊，台灣期盼與國際民主陣營合作，維持科技優勢，打造具有韌性的非紅供應鏈。國家安全會議今天發布新聞稿表示，吳釗燮在國安會副秘書長徐斯儉陪同下會見日本眾議院國民民主黨議員玉木雄一郎，雙方就區域情勢、供應鏈合作、全社會防衛韌性、新興科技發展等議題交換意見。吳釗燮表示，玉木雄一郎首次訪台的第一個行程，即至國安會進行交流，感到榮幸與歡迎。台日間情誼深厚，台灣願與日本各政黨與各界強化交流合作關係。玉木雄一郎表示，國民民主黨成立於2020年，並於去年派遣代表出席台灣總統、副總統就職典禮，此行期待增進對台日關係及區域情勢的交流與認識。國民民主黨重視安全議題，高度肯定日前日美峰會聯合聲明中，納入反對任何以武力或脅迫等方式片面改變現狀行為的立場。他對於賴總統上週在哈利法克斯台北論壇開幕式演說中，提及呼籲民主陣營團結、打造全球非紅供應鏈、共同應對灰色地帶威脅等要點，深感認同。另外，玉木雄一郎指出，國際情勢處於關鍵時刻，台日間共享民主價值，面對共同國際及區域課題，應持續強化多層次、多面向的合作關係。吳釗燮說明，印太地區民主國家包括台灣、日本、菲律賓、澳洲等國，頻頻受到中國以灰色地帶、混合戰及認知戰侵擾，民主國家應強化協作，共同嚇阻威權主義冒進。台灣除持續強化國防整備，亦加速推動全社會防衛韌性，整合中央部會及地方政府能量，建構社會因應各種災害及風險的自我保護能力。此外，他表示，全球經濟正面對中國過量生產及低價傾銷的衝擊，台灣期盼與國際民主陣營合作，維持科技優勢，打造具有韌性的非紅供應鏈。台灣希望與日本持續合作，共同促進印太地區的穩定、和平及繁榮。|https://www.cna.com.tw/news/aipl/202502240255.aspx|https://imgcdn.cna.com.tw/www/WebPhotos/200/20250224/1364x768_wmkn_0_C20250224000161.jpg
cna_20250224_6|2025-02-24|卓榮泰25日赴立院施政報告 能否順利上台藍留伏筆|政治|立法院明天將邀行政院長卓榮泰施政報告，民進黨團幹事長吳思瑤今天說，盼國會運作回歸常軌，若藍營過當杯葛恐是自打嘴巴；國民黨團總召傅崐萁說，何時讓卓榮泰上台，端看卓榮泰是否有閣揆該有的高度。立法院會25日將邀請行政院長卓榮泰進行施政方針及施政報告，並備質詢。對於藍白兩黨是否讓卓榮泰順利上台、25日立法院會朝野攻防情形，民進黨立法院黨團幹事長吳思瑤今天受訪時說，希望一切都能按照議程安排及之前的朝野協商結論，盡可能讓國會運作及民主機制回到常軌，切莫一開議又壞了整個氣氛或規矩。吳思瑤表示，當然希望新會期能順利展開，而且國民黨立委說要民生優先、化解朝野對立，如果第一天就採取過當的杯葛手段，甚至影響卓榮泰的施政報告，這恐怕對於藍營稱要民生優先是自打嘴巴。國民黨上午舉辦立法實務研討會，討論新會期優先法案，傅崐萁受訪時被問到卓榮泰是否會順利上台報告，他表示，當然會讓卓榮泰上台，但什麼時候上台，端看卓榮泰是不是有閣揆該有的形象、高度及責任，是不是有這能力擔任閣揆，這些都是考量的方向。台灣民眾黨立法院黨團副總召張啓楷接受中央社記者訪問時表示，民眾黨團不會杯葛，會讓卓榮泰上台施政報告，並備質詢。|https://www.cna.com.tw/news/aipl/202502240241.aspx|https://imgcdn.cna.com.tw/www/webphotos/WebCover/420/20250224/1169x876_08505712008.jpg
cna_20250224_7|2025-02-24|蕭副總統接見日本訪團  感謝努力促進台日關係|政治|副總統蕭美琴今天接見日本參議員北村經夫及山口縣知事村岡嗣政等訪賓表示，感謝對於促進台日關係以及雙方在經貿、文化、教育等領域交流所做的努力與支持。副總統上午在總統府接見北村經夫及村岡嗣政時表示，台灣與山口縣有長期且密切的關係，是台日友好關係的典範。首先，山口縣是已故日本前首相安倍晉三的故鄉及長年所在的地方，他一生為自由開放印太區域所做的努力，奠定了台日維持區域和平穩定的共同信念。其次，山口縣長期與台南市非常友好、有密切的交流與往來，總統賴清德曾經擔任過台南市長，台南也是她成長的故鄉，非常高興山口縣與台南市有這麼緊密的互動。副總統提到，2015年前總統蔡英文就任總統之前，她們曾一起拜訪過山口縣，其中一項行程是參訪下松市的日立製作所。當時她擔任立法委員，一直在爭取台灣東部地區的交通建設，包含該廠所製造的EMU3000型火車。之後她擔任駐美代表，回台之後的行程終於乘坐到她曾經積極爭取過的EMU3000新自強號，令她非常感動；相信這也是台日經貿領域合作的重要成果。最後，副總統再次感謝訪團成員，對於促進台日關係，包括中央政府或地方經貿、文化、教育等領域交流所做的努力及支持。|https://www.cna.com.tw/news/aipl/202502240211.aspx|https://imgcdn.cna.com.tw/www/WebPhotos/200/20250224/1152x768_wmkn_0_C20250224000160.jpg
cna_20250224_8|2025-02-24|性平案處理違失遭糾正  戲曲學院：已依法調查懲處|政治|監察委員今天糾正台灣戲曲學院處理教師性侵學生案涉及違失，以及教育部未持續追蹤。台灣戲曲學院回應，已依相關法規進行調查和懲處，涉案的兩名教師都已依法解聘。監察委員紀惠容、范巽綠今天舉行記者會表示，國立台灣戲曲學院處理教師對未成年學生多起性侵害事件，涉及吃案與學生遭到性侵還被要求道歉等違失，而教育部未持續追蹤，致加害人持續性侵及接觸學生，因此糾正教育部及台灣戲曲學院。台灣戲曲學院發表聲明指出，對於監察院糾正，學校虛心接受並引以為鑑；校內發生多起校園性別及霸凌事件，當時未依法、依程序妥處，現已依相關法規，進行調查和懲處中。關於涉案的兩名教師，台灣戲曲學院提到，皆已依法解聘，期望受害學生能得到安慰，學校會持續協助媒合心理諮商，並加強教職員工及學生的性平知能，如專兼任老師須完成2小時性平課程才發聘書，以精進教職員工生的性別平等意識。台灣戲曲學院指出，有關教師不當管教，學校已訂定「教師及教育人員輔導與管教學生辦法」，依各系教學樣態訂定細則，以規範教師及教育人員，如發生教師管教不當等案件，將依教育部規定召開校事會議，依程序做後續處理。教育部透過文字回應，台灣戲曲學院李姓教師與王姓教師涉及校園性別事件，均已完成調查，依法解聘且終身不得聘任，已通報涉及性別事件的學校不適任人員資料庫，後續將會同文化部持續關注，阻絕其再有傷害學生的可能性。教育部提到，針對此案相關人員疑涉違法（含93年6月性別平等教育法實施前的兒童福利法），損及學生人格權及身心健康，將依法告發，移送檢調偵辦；同時針對此案受害人進行全面普查，並協助受害人進行追訴及心理輔導諮商。教育部指出，學校處理性平案因程序瑕疵及未釐清案情，遭教育部4次退回，仍未持續妥處，將追究相關疏失，檢討改進學校案件的追蹤督導機制；此校因傳統戲曲教育方式著重訓練，教育部自113年4月組成專案輔導諮詢小組，已入校輔導6次，並建議學校調整指導方式、提供心理支持、加強性平意識等，以強化學習環境安全。|https://www.cna.com.tw/news/aipl/202502240205.aspx|
cna_20250224_9|2025-02-24|俄烏戰爭3年 在台烏克蘭人：沒有烏克蘭和平無法永續|政治|俄羅斯入侵烏克蘭滿3年，波蘭駐台代表高則叡今天在公開活動表示，每一份對烏克蘭的支持都是一塊磚頭，砌起一道抵禦俄羅斯侵略的牆；在台烏克蘭人則說，至今未聞俄羅斯將受懲罰，更未聞烏克蘭在和談中的位置，「沒有烏克蘭，和平將不得永續」。波蘭台北辦事處下午舉行「俄羅斯入侵烏克蘭3週年紀念活動」，由波蘭駐台代表高則叡（Cyryl Kozaczewski）主持，國合會副秘書長謝佩芬、多國駐台使節及各界人士與會，活動也放映以俄烏戰爭為主題的波蘭電影「人民」（Ludzie）。烏克蘭自由民主聯盟駐東亞辦公室代表馬卡洛維奇（Mariia Makarovych）致詞時表示，今天在228國家紀念館舉行有象徵意義，228紀念館展示台灣人歷經的巨大悲劇，而烏克蘭也正歷經巨大悲劇、正為民主而戰。對於美國總統川普（Donald Trump）主導與俄烏戰爭停戰協商，馬卡洛維奇強調，俄羅斯至今仍在開火，卻未聽聞將受到任何懲罰，更未聞烏克蘭在和談中的位置，「沒有烏克蘭，和平將不得永續」。馬卡洛維奇說，俄羅斯有罪卻未受懲罰，逍遙法外的惡魔將故技重施，證據就是過去100多年來，俄羅斯已對西伯利亞、亞洲、中東、東歐以及北歐揮兵超過47次，許多國家甚至已從歷史抹除，俄羅斯正以政治宣傳影響學界，要把烏克蘭人對國家、國族的記憶抹除。透過 Google News追蹤中央社高則叡指出，威權進犯將提升民眾韌性以及對抗，因此相信烏克蘭終將戰勝，保衛自己的主權；而每一份支持與貢獻都是一塊磚頭，為烏克蘭砌起一道抵禦俄羅斯侵略的牆，感謝台灣以及外交部對烏克蘭的支持，以及協助在波蘭、歐洲的烏克蘭難民。歐洲經貿辦事處處長谷力哲（Lutz Güllner）則說，歐盟執委會主席范德賴恩（Ursula von der Leyen）今天率歐盟高級官員抵達基輔，這清楚表達團結支持烏克蘭；對於這3年的苦難與不正義，必須強調「我們會堅定地與烏克蘭站在一起」。|https://www.cna.com.tw/news/aipl/202502240200.aspx|https://img.youtube.com/vi/xd2LSP33hos/0.jpg
cna_20250224_10|2025-02-24|學生遭師性侵還被迫道歉 監院糾正教育部及戲曲學院|政治|監察院說，國立台灣戲曲學院處理教師對未成年學生多起性侵害事件，涉及吃案與被害學生向加害教師道歉等嚴重違失，教育部未持續追蹤，致加害人持續性侵及接觸學生，因此糾正教育部及國立台灣戲曲學院，並應追究失職人員責任。監察委員紀惠容、范巽綠今天舉行記者會表示，戲曲學院在民國98年間處理時任教師李文勳（現改名為「李菄峻」）涉校園性別事件，遭教育部4次退回，但後續教育部沒有持續追蹤，並稱當時編制訓育委員會人力不足、沒有明列性別平等教育業務職掌等，導致懸宕超過15年才有結果，教育部督導不周且沒有議處違失人員，確實有違失。監委說，戲曲學院在98年將李師涉校園性別事件案件簽結後，經教育部多次退回，戲曲學院後續仍將性平會「未通過調查報告書」函報教育部，使李姓教師利用權勢關係持續性侵學生，甚至要求受害者下跪道歉。監委表示，戲曲學院另一名教師王學彥也在112年涉性騷擾女學生遭解聘，顯示戲曲學院無法阻斷行為人，處理過程違反性平法等規定，相關主管與承辦人員也沒有懲處及咎責，都有重大違失。此外，監委表示，戲曲學院放縱某些教師及高年級學生，以暴力方式對待學生，甚至有部分案件「查無通報案件號」。透過 Google News追蹤中央社監委說，在調查過程中還接獲檢舉，指李姓教師疑借名或冒名演出，另還發現王姓教師113年7月間仍帶團出國，且成員包含女學生。文化部、教育部應持續關注兩人，是否有借名或冒名演出及接觸學生的妥適性。紀惠容強調，此案加害教師還反告學生，目前監察院已請教育部持續協助學生訴訟程序，也會將相關事證移請檢調單位繼續處理。范巽綠也說，已請文化部與縣市文化局清查，不能再給予李菄峻、王學彥參與的劇團補助，不能再讓兩人在台灣戲劇圈繼續掌有主導年輕學生發展的權力。|https://www.cna.com.tw/news/aipl/202502240180.aspx|https://imgcdn.cna.com.tw/www/webphotos/WebCover/420/20250224/1578x1183_075848479777.jpg
cna_20250224_11|2025-02-24|民進黨：新會期提廢壯促法  藍白別再護航|政治|民進黨今天表示，立法院新會期將提廢除壯促法，請藍白別再護航，並要求民眾黨主席黃國昌公開說明如何處置涉及利益迴避爭議的民眾黨立委吳春城。民進黨上午由發言人吳崢、立委陳培瑜、立委郭昱晴召開「清廉標準在哪裡？壯世代政策與產業發展促進法（簡稱壯促法）圖利了誰？」記者會。郭昱晴表示，民國114年總預算審查，吳春城刁難體育署、故宮、國發會、衛福部等多個部會，如衛福部次長呂建德備詢中強調不會使用壯世代一詞，衛福部業務預算就被吳春城刪凍。吳春城利用此模式，原提案刪凍高達新台幣4億8000多萬元，後雖撤回部分提案，凍結的金額仍然高達2.05億元，嚴重違反利益迴避原則。透過 Google News追蹤中央社她說，吳春城被起底一家三代經營的10幾間有關壯世代家族關係企業，已海撈11億元政府標案，吳春城在擔任立委一年來，相關企業就拿下政府2200萬元標案，甚至將壯世代註冊專利商標，背後牽扯到上億元的金錢利益，涉有圖利之嫌。吳崢表示，民進黨黨團已提出廢止壯促法提案，請問身兼民眾黨主席與黨團總召還要繼續包庇、護航這部明顯圖利私人的法案嗎，請民眾黨給社會大眾一個清楚的交代。|https://www.cna.com.tw/news/aipl/202502240158.aspx|
cna_20250224_12|2025-02-24|內政部提修法  罷免領銜人、被罷免者得收政治獻金|政治|內政部今天說，現行政治獻金法規定，罷免活動募集經費應透過政黨。內政部已研議修正草案，增列罷免案提議人的領銜人及被罷免人收受政治獻金機制，且在第2階段連署期間才能收政治獻金，草案已報行政院審議。內政部透過新聞稿指出，政治獻金是指對從事競選活動或其他政治相關活動的個人或團體，無償提供動產或不動產、不相當對價給付、債務免除或其他經濟利益；且得收受政治獻金者，以政黨及擬參選人為限。因此，從事罷免活動的經費募集，應透過政黨。內政部表示，政治獻金法修正草案已增列罷免案提議人的領銜人及被罷免人均得收受政治獻金機制，至於被罷免人、罷免案領銜人收受政治獻金期間，是罷免案領銜人向選舉委員會領取連署人名冊格式當天起，至罷免案投票日前一天止。簡言之，在第2階段連署才能收受政治獻金，但草案尚未經行政院審議通過，且須送立法院審查，待立法院審議結果後施行。另外，內政部說，雖然現行政治獻金法規定，政治團體也可收受政治獻金，但在民國106年政黨法立法後，規定政治團體應於2年內轉換為政黨，因此目前已無政治團體；政治獻金法修正草案也配合刪除政治團體得收受政治獻金規定。內政部呼籲，社會各界進行罷免活動應遵守政治獻金法相關規範，勿逕行收受政治獻金，以避免觸法受罰。|https://www.cna.com.tw/news/aipl/202502240151.aspx|https://imgcdn.cna.com.tw/www/webphotos/WebCover/420/20250224/1200x900_238735208695.jpg
cna_20250224_13|2025-02-24|勞動節訂國定假日？內政部：公教與勞工放假數已趨同|政治|朝野立委與民團籲政府將勞動節、教師節定為國定假日。內政部說，目前全國統一放假日共11日，再加上週休二日，全年放假數為115日至116日，符合立法院89年附帶決議規定，目前公務人員與勞工的全國紀念日及節日放假日已漸趨一致。全國教師工會總聯合會21日與跨黨派立委舉行記者會，呼籲政府今年落實勞動節及教師節放假，並予以法制化。內政部今天透過新聞稿表示，目前規定應放假的紀念日及節日共有9個，除春節假期3日外，其餘各節日都是1日，合計全國統一的放假日共11日，再加上週休二日，全年放假日數為115日至116日。內政部指出，為配合公務人員自民國90年起實施週休二日，立法院於89年三讀通過公務員服務法第11條修正條文時附帶決議，要求保留民俗節日，將部分紀念日及節日改為只紀念但不放假，使全年放假總日數達到115日至116日；因此，內政部配合修正紀念日及節日實施辦法，將部分紀念日及節日調整為只紀念不放假，目前已符合立法院附帶決議規定。另外，為保障民眾放假權益，內政部也在103年修正紀念日及節日實施辦法，規定紀念日及節日的放假日逢例假日一律補假。又隨勞動基準法於105年修正後，規定勞工實施一例一休，目前公務人員與勞工的全國紀念日及節日放假日已漸趨一致。內政部強調，目前全年實質總放假日數為115日至116日，符合立法院89年附帶決議的規定，也是歷年來會商政府機關及工商團體共識。鑑於紀念日及節日增刪、名稱及放假日數等問題涉及範圍廣泛，社會各界有不同意見與期待，未來將持續徵求各方意見，並努力凝聚共識。|https://www.cna.com.tw/news/aipl/202502240137.aspx|
cna_20250224_14|2025-02-24|卓榮泰施政報告  傅崐萁：何時上台端看有無能力高度|政治|立法院新會期明天開議，針對行政院長卓榮泰是否能上台報告，國民黨立法院黨團總召傅崐萁今天表示，當然會讓卓榮泰上台，至於什麼時候，端看卓榮泰是否具有閣揆該有的形象、高度與責任，是不是有這能力擔任閣揆，這些都是考量的方向。立法院第11屆第3會期已經開始，朝野黨團日前經協商達成共識，將於25日本會期第2次會議，邀請行政院長卓榮泰率同各部會首長列席進行施政方針及施政報告並備質詢，報告後隨即進行政黨質詢。第3會期自3月7日起，每週五及次週二視為一次院會。由於杯葛行政院長施政報告，是歷來在野黨主要的議事攻防手段之一，隨著朝野對峙情勢未見趨緩，卓榮泰能否如期在25日順利上台施政報告，成為關注焦點。國民黨今天舉辦立法實務研討會，討論新會期優先法案，傅崐萁受訪時被問到卓榮泰是否會順利上台報告，他表示，當然會讓卓榮泰上台，但什麼時候上台，端看卓榮泰是不是有閣揆該有的形象、高度及責任。透過 Google News追蹤中央社傅崐萁表示，包括過去一年來對人民是否有足夠貢獻，到底為國家及社會提供怎樣的發展環境，是整天鬥爭還是真的能讓朝野和諧，以及國家發展是否符合世界潮流，在經貿挑戰過程中是否準備好，還是勇於內鬥，永遠放在心中的是拿回立法院長寶座。傅崐萁說，不懂總統賴清德及卓榮泰到底在想什麼，農曆年間以國家級的謠言不斷攻擊在野黨，但大家還是希望台灣能好好安定發展，政府做好民生政策，不要讓蛇年成為全國上下無法安定的一年。|https://www.cna.com.tw/news/aipl/202502240120.aspx|https://imgcdn.cna.com.tw/www/WebPhotos/200/20250224/1152x768_wmky_0_C20250224000048.jpg
cna_20250224_15|2025-02-24|江啟臣：川普2.0大談判時代 政府應早日擬定談判策略|政治|立法院副院長江啟臣今天說，美國總統川普回鍋後「川普2.0」大原則為關稅是武器、交易是目的、對話會繼續；大談判時代正在重新建構國際政治、經貿秩序，台灣要早日擬定談判策略、目標。立法院副院長、啟思民本基金會董事長江啟臣在立法院舉行記者會，公布最新網路民調。針對美國總統川普上任後，對加拿大、墨西哥、中國大陸加徵關稅，有85.6%民眾認為川普政府對台灣可能也會以關稅手段施壓。民調指出，在台美貿易中，有62.4%民眾認為美國較占談判優勢；台灣去年對美國貿易順差739億美元，若要台灣減少對美貿易順差，民眾認為可優先對美軍購、採購石化能源及核能，或是牛肉、黃豆、玉米、小麥等農產品。另外，有83.3%民眾同意台積電為首的半導體產業是護國神山；半導體產業是台灣的「矽盾」，有62.5%民眾同意，若中共武力犯台，美國為首的西方國家將採軍事干預。有88.4%民眾不同意川普指稱台灣拿走美國半導體生意；84.8%民眾不同意將台積電最先進製程技術移轉到美國。江啟臣說，民調結果顯示民眾對川普2.0的不安，川普2.0的大原則是「關稅是武器、交易是目的、對話會繼續」，帶出大談判時代，台灣是否準備好了。江啟臣表示，大談判後能不能大交易，川普在考驗各國的準備。美國已是台灣最大出口市場，且這趨勢會持續，台灣去年賺的比日、韓還多，美國一定會找台灣談以解決貿易逆差，除武器採購外，台灣很快就會面臨到要提高採購石化能源，最後才是糧食。江啟臣指出，美中台關係怎麼變化，有兩個很大的變數，第一是美中間的貿易協定，雙方必須一談，外界高度關注會達成怎樣的貿易協定；第二是台美間的採購協定，尤其是軍購方面，勢必影響美中台。江啟臣說，大談判時代來臨，台灣必須準備好，美國跟其他國家都在進行中，將顛覆過去幾十年來以美國為首的國際秩序，如今川普在重新建構國際政治、經貿秩序，對台灣來說，政府要早日擬定談判策略、目標。這次調查是啟思民本基金會2月18日至21日在網路進行調查，調查對象為全國20歲以上的網路人口，以Facebook廣告發送問卷，嚴守配額原則，配額標準為性別、年齡、地區，有效樣本1042份，抽樣誤差在95%信心水準下，正負3個百分點內。|https://www.cna.com.tw/news/aipl/202502240113.aspx|https://imgcdn.cna.com.tw/www/WebPhotos/200/20250224/1024x768_wmky_0_C20250224000076.jpg
cna_20250224_16|2025-02-24|接見海外228遺屬團 賴總統：團結國家守護國人安全|政治|總統賴清德今天接見海外228遺屬返鄉團表示，政府將持續堅定團結國家，守護國人安全，絕對不能讓類似的事件再次發生，第一步就是捍衛台灣的主權，堅持中華民國和中華人民共和國互不隸屬、堅持台灣主權不容侵犯併吞、堅持中華民國台灣的前途只有2300萬人可以決定。總統賴清德上任後，今天上午首次以總統身分接見228事件受難者王育霖兒子王克雄所率的海外228遺屬返鄉團，總統胸前別上紀念228的「台灣百合胸章」向家屬們紛紛握手致意後，便上台致詞。首先，他代表全體國人，對於海外228遺屬專程回國參加228中樞紀念儀式，表達最誠摯的歡迎。他表示，228事件迄今已經邁入78年，受難者遺族長期在海外從事228平反工作，也積極為台灣發聲，他非常感謝，也以最嚴肅的心情與大家共同追思受難的先賢。總統說，228事件讓台灣付出相當大的代價，造成世代創傷延續至今；而當時社會菁英的消失，例如日治時期第一位台灣人檢察官王育霖、最年輕的醫學博士施江南、極為重要的美術先驅陳澄波、成功的企業家和民意代表王平水、牙醫師楊阿壽、律師林連宗、嘉義農校教師林光前，還有許許多多在那個年代非常重要傑出的人士。總統表示，這些社會菁英的逝去對台灣社會造成無法估計的損失，他也要代表政府再一次和各位致歉。政府的補救措施包括認錯、道歉、賠償、追查真相、恢復名譽、撤銷判決、設立紀念館、紀念碑等等，還有後續該做的事情，政府都一定會做。他提到，同時也仰賴各位前輩，尤其是王克雄在這幾十年間不斷努力並呼籲社會，正視這段傷痕，才有今天累積的轉型正義成果。總統表示，近年來努力推動轉型正義，就是為了達到追求真相、賠償、獲得正義、以及保證不再發生，讓子孫知道現在所享受的民主並非理所當然，而是祖輩用血淚一滴、一滴爭取來的。他說，直到今日，這是一個未竟之業，要持續追求正義與真相，落實政治檔案的開放、應用。不能忘記歷史，更要體認民主與權威的不同，捍衛台灣的自由。他並強調，政府也將持續堅定的團結國家，守護國人安全，絕對不能讓類似的事件再次發生。要確保類似的事情不再發生，第一步就是捍衛台灣的主權，堅持中華民國和中華人民共和國互不隸屬、堅持台灣主權不容侵犯併吞、堅持中華民國台灣的前途只有2300萬人可以決定。透過 Google News追蹤中央社他表示，也就是要讓台灣人做自己的主人，能夠在這塊土地上擁有平安、自在的生活。不管先來後到、來自何方，也不論什麼族群，只要認同這塊土地，就是這塊土地的主人。他希望2300萬人可以團結一致守護台灣，維持民主、自由、人權的憲政體制，也讓台灣持續繁榮發展，讓代代子孫都可以在這塊土地上長治久安，大家一起努力。|https://www.cna.com.tw/news/aipl/202502240110.aspx|https://imgcdn.cna.com.tw/www/webphotos/WebCover/420/20250224/1067x800_395942083440.jpg
cna_20250224_17|2025-02-24|權利回復基金會通過63件申請 賠償金近1.5億元|政治|權利回復基金會今天表示，21日召開董事及監察人會議，通過62件被害者生命或人身自由賠償金申請案，以及1件財產所有權被剝奪申請案，總賠償金額近新台幣1.5億元。財團法人威權統治時期國家不法行為被害者權利回復基金會透過新聞稿表示，第2屆第1次董事及監察人會議21日舉行，會中通過董事長張文貞、執行長孫斌續任。張文貞期許，基金會強化推廣業務，確保符合資格被害者及家屬都能獲得應有賠償及名譽回復。基金會說明，第1屆董事會共完成約7000名申請人權利回復申請案，賠償金額總計已超過56億元。基金會表示，截至今年1月底，就威權統治時期國家不法行為致被害者生命或人身自由受侵害申請案，累計受理2337件，其中2036件獲得賠償、57件撤回申請、49件因申請人不符資格或其他要件駁回。基金會說，針對財產所有權被剝奪案件，截至1月底已受理282件、其中22件已通過賠償，另有45件撤回申請、152件駁回，駁回案件多為判決未宣告沒收，或雖有宣告沒收但後經國防部准免沒收等，依現有資料也查無財產因國家不法行為遭剝奪的狀況。基金會表示，名譽回復證書申請案通過數近9成，截至1月底累計受理3293件，現已通過2897件；可持該證書至各戶政事務所辦理被害者戶籍資料加註名譽回復記事。基金會指出，適逢228事件78週年，應謹記歷史傷痕、從中反省，深化人權價值並延續自由與和平。|https://www.cna.com.tw/news/aipl/202502240105.aspx|
