item_id|date|category|title|content|link|photo_link
ahel_20250312_1|2025-03-12|生活|健保砸逾42億解急診壅塞 護理加薪4提案通過拚5月上路|為解決急診壅塞，健保署提出增加急診及重症支付標準、給急診護理人員加薪、強化離島急救責任醫院等4招解方，醫院總額研商會今天通過，最快5月上路，年挹注逾新台幣42億元。急診近來面臨前所未有壅塞，衛生福利部中央健康保險署今天在醫療給付費用醫院總額研商議事會討論解方，包含急診支付標準與留觀床支付、急救責任醫院加護病房給付、強化離島急救責任醫院給付與急性一般病床護理費調升等4案。健保署長石崇良今天晚間接受媒體聯訪表示，與解決急診壅塞有關的4項提案全數通過，合計挹注42.35億元，將儘速送入共擬會與健保會，拚5月起開始執行。這次不是只挹注，還有附帶任務指標，共同指標是醫院必須落實醫護人員加薪，其他還有急診壅塞指標改善、加護病房開床率等。針對健保署7日開會與醫界未達成共識的急性一般病床護理費調整，石崇良表示，確定醫學中心第1天住院急性一般病床護理費調幅12.4%，1027點調至1154點，區域醫院調幅14%，905點調至1032點，地區醫院調14.9%，從850點調至977點。石崇良說，醫學中心第2天住院急性一般病床護理費調幅12.3%，從790點調至888點，區域醫院調幅14.1%，696點調至794點，地區醫院調15%，從654點調至752點，挹注24.97億元，盼改善護理薪資環境，留住護理人力，避免關床，以利解決急診患者排隊等住院。這次還有通過強化離島急救責任醫院，石崇良表示，未來將新增離島一般急救責任醫院給付調升標準，所有急診案件皆按照表定點數加給10%，離島中度急救責任醫院所有急診案件給付增加30%、離島重度急救責任醫院調升50%，鼓勵離島醫院提升緊急醫療能力。石崇良說，急診醫師診察費和護理費確定拆分，按照檢傷級數差異，各調增10%，以最嚴重的檢傷分類1級為例，診察費由1223點調到1345點，護理費從577點調到635點；觀察床診察費調至468點，護理費調升6成，留觀第1天自571點調升至914點、第2天從175點調至703點，增預算11億元。急救責任醫院加護病房給付，石崇良說，若是全重度級的急救責任醫院，加護病房給付比照醫學中心；中度級急救責任醫院則比照區域醫院；盼52家重度級急救責任醫院中26家區域醫院，能協助分擔重症病人收治，健保預估新增約5.87億元支出。除了解決急診壅塞，這次研商議事會考量因應台灣少子化與產婦高齡化，高風險生產個案將轉至醫院，通過醫院生產給付比照西醫基層1點1元保障，及夜間與例假日緊急自然產手術比照一般緊急手術給付加成30%，石崇良表示，醫院產科醫師非常辛苦，所以進行點數保障。另外，針對自去年起實施的「抗微生物製劑及感染管制品質提升計畫」，今年同樣挹注2.25億元繼續執行，但石崇良表示，雖去年規定獎勵費須一定比例分給感染管制師，但發現各醫院撥發差異性相當大，所以今年一致性規定獎勵費用60%必須給感控人員，達到攬才育才留才目的。|/news/ahel/202503120382.aspx|https://imgcdn.cna.com.tw/www/webphotos/WebCover/420/20250312/1915x1437_520812534732.jpg
ahel_20250312_2|2025-03-12|生活|今彩539第114064期 頭獎槓龜|今彩539第114064期開獎，中獎號碼06、14、27、30、33；派彩結果，頭獎槓龜。貳獎220注中獎，每注獎金新台幣2萬元。3星彩中獎號碼760，壹獎86注中獎，每注獎金5000元。4星彩中獎號碼2578，壹獎14注中獎，每注獎金5萬元。實際中獎獎號及派彩內容，以台彩公司公布為準。1140312#3星彩#4星彩#今彩539|/news/ahel/202503120395.aspx|
ahel_20250312_3|2025-03-12|生活|今彩539第114064期開獎|今彩539第114064期開獎，中獎號碼06、14、27、30、33。3星彩中獎號碼760，4星彩中獎號碼2578。實際中獎獎號以台彩公布為準。1140312#3星彩#4星彩#今彩539#台彩|/news/ahel/202503120374.aspx|
ahel_20250312_4|2025-03-12|生活|邱泰源與醫療工會開會 達擬跨科支援指引等共識|近日急診壅塞再掀護理人力不足等待解難題，衛生福利部長邱泰源今天與醫療相關工會代表開會，裁示將針對護理師跨科支援、颱風天出勤、落實給付等訂定明確指引及制度。醫護勞動環境血汗，護理人員與急重症醫師因工作苦勞、醫療糾紛高風險等大環境因素出走，衛福部今天邀集相關工會團體代表，召開定期意見交流會議，歷時近2小時結束。邱泰源因有其他行程提前離開，看到大批守候媒體時僅說：「氣氛很好，取得很多共識。」將由衛福部次長林靜儀對外說明。台灣醫療工會聯合會理事長趙麟宇會後接受媒體聯訪表示，會中欣見邱泰源展現出魄力，開誠布公強調面對醫療險峻環境，衛福部應該要大破大立措施。會中主要達成3大共識，趙麟宇說明，首先是有關護理師跨科支援問題，不定期的跨科支援，比方說兒科調到精神科等不相干科系，造成護理師工作壓力、增加離職意願，邱泰源會中裁示盡快整合跨科支援指引，創造友善環境，不要讓護理人員再無故被調動，保障勞動權益。第2項則是健保若增加護理費用給付，工會質疑如何落實。趙麟宇說，無論健保署代表、邱泰源都做出解釋，希望政策上能引導醫院制度讓給付越來越透明，讓護理師專業獲得應有保障。最後是工會提出颱風天出勤指引建議版本。趙麟宇說，醫事司乾脆接受並承諾作為參考，工會跟衛福部預定3個月後會再召開協調會。台灣醫療工會聯合會副理事長郭蕢瑩強調，例如健保護理費原本應該要專款專用，過去卻遭醫院以其他名目濫用，像拿去買護理人員的衣服、推車等，衛福部除了一直灑錢，也要考量錢用到哪裡去，是否達到預計目標，並給予處罰，包括跨科指引在內，相信在這一次急診壅塞事件之後，衛福部會很快訂出相關規定，「部長今天很有魄力，未來也能這樣有魄力就更好。」林靜儀表示，相關的共識及建議，衛福部都會帶回研議並列管，感謝工會體諒，知道政策要真正落實需要時間，有一些正開始規劃、有些已規劃一陣子，將儘快在妥適時間優先實施。|/news/ahel/202503120365.aspx|https://imgcdn.cna.com.tw/www/WebPhotos/200/20250312/1228x768_wmky_0_C20250312000233.jpg
aopl_20250312_1|2025-03-12|國際|英國鋼鋁遭美徵收25%關稅 英相施凱爾透露不排除反制|美國向全球徵收高達25%的鋼、鋁進口關稅，今天生效，英國未獲豁免。英國首相施凱爾今天在國會答詢表示，英美正在協商簽署一項經濟協定，一旦成功達標，協定內容將涵蓋關稅；不過，回應美方新實施的鋼鋁關稅，英方將保留「所有」行動選項。這意味施凱爾（Keir Starmer）未明確排除對美方採取反制措施的可能性。施凱爾指出，儘管他對美方新措施感到失望，英方將務實以對。施凱爾2月底訪問華府與美國總統川普（Donald Trump）會談期間，曾觸及雙邊經貿關係與關稅議題。在會後聯合記者會，川普曾提及，他認為英美「挺快」（rather quickly）就能達成一項「真正的貿易協議」，且美方將因此不需對英方加徵關稅。川普這番發言曾讓英方有理由抱持「審慎樂觀」。首相府一名發言人今天回應媒體詢問時，否認英國未獲美國關稅豁免意味施凱爾被怠慢。這名發言人說，這是適用全球的關稅，不是針對英國。英國政府當前優先要務是與美方互動、捍衛英國產業，找出解決方案。至於英美正在協商的經濟協定，英國商業暨貿易大臣雷諾茲（Jonathan Reynolds）下週將前往華府，與美方進行相關討論。英國國會下議院商貿委員會主席伯恩（Liam Byrne）指出，貿易戰對任何人都沒有好處。英國政府必須向美方施壓、要求盡速協商，確保英國獲豁免。委員會下週將召開聽證會，邀請英國鋼鐵產業代表出席，探討可能的衝擊緩解措施。英國鋼鐵公會（UK Steel）執行長史戴斯（Gareth Stace）指出，美國政府對英國鋼鐵徵收稅率25%的進口關稅意味美國業者必須每年為此付出約1億英鎊（約新台幣43億元）代價。根據UK Steel的資料，英國平均每年向美國出口約20萬噸、價值逾4億英鎊的鋼鐵。英國鋼鐵可見於美國的國防、航太及其他戰略關鍵產業，且部分產品在美國沒有本土供應源。英國財政部國庫秘書莫瑞（James Murray）告訴媒體，英國將對美方保留反制權利。不過，英方不會立即反制，且宜避免「膝反射般的回應」。莫瑞提到，英美正往簽署經濟協定的目標快速前進，可能的成果之一是英國免遭徵額外關稅。他強調，英國與歐盟處境不同；英國不希望全球關稅議題影響英美經濟協定的協商進程。英美商會執行長愛德華茲（Duncan Edwards）肯定英國政府未急於反制，但提到像英國這樣的密切貿易夥伴也遭美方強徵關稅，這對英美雙方都缺乏益處，並給雙邊既有的強健、互惠貿易關係造成無謂摩擦。|/news/aopl/202503120410.aspx|
aopl_20250312_2|2025-03-12|國際|加拿大報復川普 3/13起對價值逾6800億美國商品加關稅|加拿大今天宣布對價值298億加元（約新台幣6828億元）的美國商品加徵關稅，以此報復美國對加拿大鋼鋁課徵關稅。法新社報導，加拿大財政部長勒布朗（Dominic LeBlanc）表示，加拿大的關稅措施將於明天生效，涵蓋電腦及運動用品等商品。勒布朗還說，此舉是在回應美國總統川普（Donald Trump）對加拿大鋼鋁課徵25%關稅，他並形容美方措施「不正當且不合理」。川普對進口鋼鋁徵收關稅措施今天生效，先前的豁免、免稅配額和產品排除措施均已到期。川普進一步重新調整全球貿易規範，以利美國發展。在美加貿易戰升溫之際，加拿大總理杜魯道（Justin Trudeau）正準備在本週交棒給接班人卡尼（Mark Carney）。卡尼9日獲選為執政黨自由黨（Liberal Party）的新黨魁，即將成為加國第24任總理。|/news/aopl/202503120407.aspx|
aopl_20250312_3|2025-03-12|國際|美國向全球徵收鋼鋁25%關稅 英國不放棄爭取豁免|美國向全球徵收高達25%的鋼、鋁進口關稅，今天生效實施。英國政府今天對此表示失望，但仍尋求盡速與美方簽署較廣泛的經濟協定，以排除美方施加的額外關稅。商業暨貿易大臣雷諾茲（Jonathan Reynolds）發表聲明指出，英國專注於務實對策，且正在與美方就簽署一項更廣泛的雙邊經濟協定加緊腳步協商，以排除額外關稅、造福英國企業與經濟。他本人將持續與美方進行密切、具成效的互動，以保衛英國的商業利益。不過，雷諾茲也透露，英國將考慮「所有可能的」行動方案，並會為了國家利益「毫不猶豫作出回應」。對鋼、鋁加徵的進口關稅是美國總統川普（Donald Trump）今年1月重返白宮、展開第二任期以來，首度對所有國家地區一體適用徵收的關稅、沒有例外。英國首相施凱爾（Keir Starmer）2月底訪問華府與川普會談期間，經貿關係和關稅是其中兩項重要議題。在會後聯合記者會，川普曾提及，他認為英美「挺快」（rather quickly）就能達成一項「真正的貿易協議」，且美方將因此不需對英方加徵關稅。川普當時的發言讓英方暫時有條件「審慎樂觀」。不過，在此之前即有英國官員向媒體透露，英方已預擬各項可能的應變措施，包括必要時對美方展開反制，且可能的反制方式已有過往經驗可參考。英國鋼鐵業在2018年川普第一任期（2017–2021年）內也曾遭加徵關稅，當時英國政府即採取反制措施。雷諾茲今天說，英國政府依然「堅定支持」本國產業，正與受影響的企業合作解決問題。雷諾茲支持企業向英國貿易救濟局（Trade Remedies Authority）提出申請，以檢視可能有必要採取的進一步措施，以保護英國的生產廠商。英國鋼鐵公會（UK Steel）表示，美方此次「主要是針對盟友」加徵鋼製品進口關稅，因為多數其他產鋼國家在此之前已遭徵稅率達25%的關稅。此外，美方忽略一個趨勢：與2018年川普首次對進口鋼開鍘前相較，英國在2024年對美國的鋼出口額不增反減，6年來下滑14%。UK Steel執行長史戴斯（Gareth Stace）說，川普重擊自由貿易、對國際貿易流動造成巨大的扭曲效應。英國鋼鐵不僅未對美國的國家安全構成威脅，更服務美國的關鍵產業（例如航太業），且其中有許多產品沒有美國本土供應源。史戴斯指出，英美需合作應對其他國家地區鋼鐵生產過剩，以及不公平貿易行為、有害的出口移轉和傾銷等問題，而不是盟友之間爭執不下。根據UK Steel的資料，亞洲和中東地區的鋼鐵產能擴張速度驚人，且多數有國家資金挹注，產能擴張情形也不符合當地國內需求趨勢。隨著中國等關鍵市場的鋼鐵需求走弱，供應過剩問題加劇，其他市場也連帶受影響。英國總工會（GMB）今天指出，受天候不佳影響，目前大西洋水域仍有相關製品在運往美國途中，因為航程延宕可能遭施加預期之外的關稅。GMB提到，英國必須密切關注歐盟對美方關稅措施的回應，因為歐盟的回應可能進一步加劇英國相關產業面臨的壓力。GMB表示，工會目前仍對事情最終將有「符合常識的結果」（a common sense outcome）抱以期望。|/news/aopl/202503120391.aspx|
aopl_20250312_4|2025-03-12|國際|揭中國海纜佈局東非智慧城市 台藝術家致穎柏林展覽|銅鐘藝術獎得主致穎受邀參加柏林藝術聯展，作品「鏈結」與「電纜」透過影像裝置，呈現中國如何藉輸出「智慧城市」到東非模里西斯等國、鋪設海底電纜，深化全球地緣政治影響力。旅居柏林的實驗影像導演致穎（Musquiqui Chihying）是台灣少數關注非洲與全球南方議題的藝術家，其探討德國非洲殖民史的「多哥咖啡」曾入圍柏林影展，並於2023年獲洪建全基金會頒發的銅鐘藝術賞首獎。中國在非洲國家影響力與日俱增，此次致穎受邀於柏林世界文化宮（HKW）展出的作品「鏈結」（The Link）與「電纜」（The Cable）透過影像裝置與3D列印物件的複合媒材，呈現非洲印度洋島國模里西斯（Mauritius）如何成為中國智慧城市（Smart City）實驗場。策展人康喆明 （Cosmin Costinas）介紹致穎作品時表示，模里西斯在電報通訊時代，即是連接不同大陸的重要節點，在致穎作品中，可以窺見當代的模里西斯，在中國一帶一路框架下，如何成為全球關鍵基礎設施的爭奪戰場。為創作多次跨洋進入模里西斯與留尼旺（Reunion）田野調查的致穎告訴中央社，中國已在當地已打造出一座完整的智慧城市，包括通訊、監控系統與物聯網應用，無一不是中國製造。致穎說明，「智慧城市就是把人類的所有活動數據化，因此需要大量攝影機去蒐集人的行為模式，而製造監控系統與資料處理，恰好就是中國的強項。」根據柏林外交智庫「德國外交政策協會」（DGAP）「中國智慧城市與地緣政治未來」報告，中國外銷智慧城市不僅單純為商業考量，更是全球資訊與地緣政治戰略的一部分。報告分析，透過由國家推動的「城市大腦」（City Brain）計畫，中國正建立區域性、國家級，最終連接全球的「世界數位大腦」（World Digital Brain），並使用北斗衛星導航系統（Beidou） 作為支援基礎。撰寫人韋柏（Valentin Weber）進一步指出，對北京來說，沿海城市因鄰近資訊傳輸的海底電纜登陸站，因此比內陸城市更具有為其建設智慧城市的戰略價值。中國企業華為、阿里巴巴即已在馬來西亞吉隆坡、肯亞蒙巴薩（Mombasa）等沿海城市投資智慧城市。東非海島國家也是中國智慧城市的佈局目標，根據致穎在當地的調查與訪談，模里西斯已成為中國向東非外銷智慧城市的「示範點」。他也觀察到，華為在模里西斯建設智慧城市同時，也參與當地海底電纜建設，這些海纜與印度、法國在該區的軍事基地相鄰，不僅引發專家對國安的疑慮，也加深中印間緊張關係。中央社詢問致穎當地人對中國在當地建造智慧城市的看法，他坦言，一般民眾將中國科技介入視為現代化的捷徑，雖有安全疑慮，但中國的技術與科技產品就是「負擔得起又好用」，讓當地人能享受城市進步的果實。以手機為例，最多人使用的是來自中國傳音（Transsion）的手機品牌「Tecno」，「Tecno」不僅便宜，更為非洲市場開發專為黑人設計的相機演算法，相對傳統相機對深膚色的人臉辨識較差，「Tecno」還有針對黑人膚色的美顏功能，廣受當地人歡迎。透過數位科技，中國在全球南方的影響力與日俱增，致穎表示「當代藝術已成為重要的知識考察方式」，他希望透過作品「鏈結」與「電纜」等聚焦中國與非洲互動的作品，梳理世界變遷的現象。並提出叩問：「當全球城市被數位技術連結在一起時，誰掌控這些數據？誰有權決定智慧城市的運作模式？」進一步思考中國藉「技術」深化在非洲等全球南方國家影響力的同時，將如何改變全球地緣政治與台灣的未來。|/news/aopl/202503120379.aspx|https://imgcdn.cna.com.tw/www/WebPhotos/200/20250312/1024x768_wmky_0_C20250312000250.jpg
asoc_20250312_1|2025-03-12|社會|屏東酒後口角衝突 女持酒瓶攻擊友人致死|屏東縣東港鎮昨發生殺人案件。許姓女子與蘇姓男子酒後發生口角衝突，許女以酒瓶攻擊蘇男，造成蘇男死亡，警方獲報逮人，依殺人罪嫌移送偵辦。屏東縣警局東港分局副分局長黃飛文今天接受媒體訪問指出，11日晚上11時許獲報發生殺人案件，啟動命案偵查機制偵辦，發現36歲許姓女子與48歲蘇姓男子，還有多名友人，相約到蘇男家中喝酒，其他人陸續離開後，許女與蘇男卻發生口角糾紛，許女憤而以現場物品攻擊蘇男，造成蘇男死亡。警方指出，凶器是酒瓶，許女與蘇男為朋友關係，卻在昨晚喝酒後釀成憾事，調查後將許女依涉犯殺人罪嫌移送屏東地檢署偵辦。東港警分局呼籲，民眾遇事應保持理性勿用暴力手段解決紛爭，避免因口角引發衝突，以維護社會秩序與安寧。|/news/asoc/202503120403.aspx|https://imgcdn.cna.com.tw/www/WebPhotos/200/20250312/1541x768_wmkn_0_C20250312003017.jpg
asoc_20250312_2|2025-03-12|社會|國道1號汐五高架堤頂段火燒車 幸未釀傷亡|國道1號汐五高架北向19.6公里堤頂路段今晚發生火燒車事件，張姓男駕駛行車時發現車輛有異狀，緊急停靠路肩後下車，車輛隨即起火燃燒，警消獲報到場協助滅火，幸未釀傷亡。警消今晚8時30分獲報，指國道1號汐五高架北向19.6公里堤頂路段發生火燒車，立即派員到場協助，並於9時迅速撲滅火勢。經查案發時，24歲張姓男子正駕車搭載友人，行經案發地點時發現車輛有異狀，趕緊停靠路肩，張男和友人下車逃生，車輛隨後起火燃燒，幸經警消到場協助滅火，無人受傷，也未波及其他車輛。|/news/asoc/202503120394.aspx|https://imgcdn.cna.com.tw/www/WebPhotos/200/20250312/1024x768_wmky_0_C20250312000255.jpg
asoc_20250312_3|2025-03-12|社會|沈慶京稱看守所室友幫換引流管 北所駁：皆專業處置|媒體報導，威京集團主席沈慶京昨天庭訊時稱，在台北看守所內假日要靠室友幫忙更換引流管。北所今天表示，沈慶京所有醫療行為皆由專業人員處置，絕無假手同房收容人。台北地方法院審理京華城案，昨天開庭首次提訊在押的沈慶京。有媒體報導，沈慶京稱，北所非假日時由醫護人員替他換引流管，但假日仍靠室友幫忙。他也以身體不適聲請具保停押。北院表示，將函詢看守所再做准駁。北所今晚發布新聞稿指出，看守所恪遵醫事法規及專業醫囑辦理收容人醫療照護處遇，針對沈慶京所需任何醫療行為，均由專業合格醫事人員處置，並留有相關紀錄可供查證，絕無假手同房收容人情形。北所表示，同房收容人處同一生活空間，只有偶而因沈慶京個人需求，所方會在合法範疇下按醫事人員護理指導後，請收容人協助部分簡易居家照護事宜。北所強調，收容人在所期間身體如有不適，均可隨時反映，看守所人員將立即提供適當醫療並持續關懷健康恢復狀況，而非以不實指控，斲傷看守所醫事人員辛勞。|/news/asoc/202503120387.aspx|https://imgcdn.cna.com.tw/www/WebPhotos/200/20250312/1200x946_388049447768.jpg
asoc_20250312_4|2025-03-12|社會|澎湖花嶼村長補選當選人涉賄  澎檢偵結起訴|澎湖望安鄉花嶼村第22屆村長補選賄選案，澎湖地檢署今天偵結，當選人董桂珠等3人依違反選罷法提起公訴，由於董女等人犯後自白坦承、素行良好，建請地院處適當刑度，給予自新。澎湖地檢署今天偵結花嶼村第22屆村長補選賄選案，除起訴當選人董桂珠，還有董姓與陳姓2人涉投票行賄罪嫌，一併起訴。另7名有投票權人犯後均坦承犯行，態度良好，深表悔悟，且犯行情節輕微，均無犯罪前案紀錄，並繳回賄選款，認以不起訴為適當，依職權為不起訴處分。澎湖地檢署指出，澎湖花嶼村第22屆村長補選，董桂珠為花嶼村長補選選舉候選人，為求當選竟請託董姓男子向親人請求投票支持，並言明選舉期間不能拿錢、等選完改天再給等語，董桂珠當選後數日，以1票新台幣6000元價格，交付現金共7萬8000元予董男，再親自或委由陳姓交付賄款給予王姓等7名有投票權人。案經檢察官指揮偵辦後，陳姓等人繳回犯罪所得共7萬8000元。澎湖最偏遠的花嶼村村長王玉英，因於113年11月2日逝世，今年1月18日進行補選投票，1號陳董金針46票、2號董桂珠82票，由董桂珠勝出。澎湖選委會春節連假過後由望安代理鄉長洪棟霖發給當選證書，檢方在2月18日向台灣澎湖地方法院提起當選無效之訴。|/news/asoc/202503120320.aspx|
acul_20250312_1|2025-03-12|文化|台漫畫家左萱「芭蕉的芽」2  獲日本國際漫畫賞銀獎|台灣漫畫家左萱以「芭蕉的芽」第2集奪得日本外務省主辦的日本國際漫畫賞優秀獎（銀獎），她今天出席頒獎典禮，致詞時感謝台灣這片可自由創作的土壤的培養。駐日代表李逸洋到場觀禮，表達祝賀之意。第18屆日本國際漫畫賞頒獎典禮12日晚間在日本外務省飯倉公館舉行，外務大臣岩屋毅不克出席，由外務副大臣藤井比早之代為主持，頒發最優秀獎及3名優秀獎獎狀。評審委員長、漫畫家里中滿智子頒發獎座。藤井致詞時表示，「漫畫是日本的驕傲，是日本寶貴的文化，漫畫的登場人物的魅力、作家所描繪的故事以及及故事所反映的世界觀，透過漫畫家的筆將作品的精髓傳達給讀者，讓讀者容易了解」。左萱獲獎作品「芭蕉的芽」以1930年代的台北高校（現國立台灣師範大學前身）為背景，講述兩位性格迥異的學生葉星橋與南城雲太郎為了打破制式且死板的校刊內容，合作創辦新雜誌「鐘之音」的故事。她透過對於史料的爬梳及細緻獨特的畫筆，描繪出日治時期台北高校生的校園生活及青春風貌。駐日代表李逸洋、文化部駐日台灣文化中心主任曾鈐龍特別到場觀禮，並向左萱致上最誠摯的祝賀。李逸洋對中央社表示，日本國際漫畫賞自2007年創辦以來，自第2屆起就有台灣漫畫家獲獎，至今累積了2座金獎、9座銀獎及21座銅獎的佳績。這次參賽的有95國716件品，皆創新高，競爭激烈，得獎不易。李逸洋說：「左萱老師曾於第10屆以『神之鄉』獲得銅獎，此次以『芭蕉的芽』摘下銀獎，展現了台灣漫畫家的卓越實力，期許她未來有機會能再獲金獎，為台灣漫畫再添殊榮。」左萱先是以日文表達對評審的謝意，之後以中文說出這次得獎的感想。她說：「謝謝日本漫畫一直都陪伴著我的整個創作歷程。我今天能到這邊領獎，真的內心感到十分榮幸。『芭蕉的芽』是描寫少年追求創作的夢想的一個青春校園故事。青春這件事對我來說有點遙遠，但學生時期翻著日本漫畫幻想著有一天也能夠這樣創作的心情依然記憶猶新。」她表示，自己在描繪的過程中也像角色一樣，會時而跌跌狀狀、時而熱血沸騰，所以自己也跟他們（芭蕉的芽主角）共享一個想要創作出一部在生命中留下重要意義的作品的這個夢。她說：「這次的獲獎是幫助這個夢想發芽、成長茁壯的重要養分，真的非常地感謝。同時也想感謝我的母校國立台灣師範大學提供了這個故事的舞台和史料的資源，感謝最可靠的戰友蓋亞出版社，也感謝台灣這片可以自由創作的土壤的培養，形塑成了這部作品，甚至是行塑成我這個人的一切。」左萱說：「許多漫畫家前輩曾說漫畫有將故事帶到更遠的地方的力量，希望以此次獲獎為契機，能夠珍惜地使用這份力量，將她在這個題材中所感受到的熱情傳達給更多人、更多地方。」在頒獎典禮上，由評審之一的岸本憲治講評「芭蕉的芽」。岸本指出，內容是很多人可感受得到的鄉愁的學生生活的「原風景」。雖可感到遠處漸漸傳來戰爭的跫音，但這部作品貼切地傳達了自由闊達的當時的氛圍，這是因為作者（左萱）做了細膩的採訪及時代考證。評審委員長中里滿智子指出，「作者（左萱）還很年輕竟可以將青春時代描述得那麼令人懷念，我想一定是作者本身曾有過富有感受性、多彩多姿的青春」。左萱接受中央社採訪時說：「這次到日本，藉由獲獎的機會，想把它當作取材，因為我的故事背景和日本還蠻密切相關的，很多戰前昭和時代的博物館也是這次我希望能夠去取材的對象，來作為以後能更豐富作品的內容」。左萱最後來特別感謝文化部這幾年來一直對漫畫產業的支持。她說：「台灣漫畫還正在要成長的階段，我覺得透過文化部的支持，台灣漫畫可以有更多元的樣貌。甚至以前比較難執行的長篇，現在也有黑潮計畫可以讓作家更放膽地去製作自己的長篇計畫。」|/news/acul/202503120408.aspx|https://imgcdn.cna.com.tw/www/WebPhotos/200/20250312/1211x768_wmky_0_C20250312000262.jpg
acul_20250312_2|2025-03-12|文化|國家攝影中心推影像盛宴  攝影新銳作品上桌|攝影家馬立群自2018年起創辦「攝影上桌」活動至今，持續以徵件挖掘具創意及實驗性作品。國家攝影文化中心台北館與「攝影上桌」團隊合作，推出「影像宴」展，展現多元創作能量。國家攝影文化中心今天發布新聞稿表示，「攝影上桌」活動至今已成為台灣年輕攝影創作者的重要展示平台。此次合作，由馬立群總策劃「攝影上桌—影像宴」活動，展覽利用辦桌的大紅圓桌，跳脫攝影平面展示的侷限，讓觀眾可由多角度、多層面欣賞與理解作品。參展攝影創作者包含陳冠霖、楊佳馨、李明憲、王莉婷，陳冠霖以自身造訪德國廢棄造紙廠的經驗，運用報紙及過期底片反覆撕黏、翻拍、轉印，透過材質叩問記憶的重量。李明憲探索信仰與慾望的邊界，光影之中營造不同的立體感。楊佳馨則以「病痛經驗與其創傷」為題，延伸多元媒材觸及疼痛與疾病的反思。創作者王莉婷為了保存與失智症外婆的記憶，製造出九宮格拼圖，體現碎片化的記憶景觀。國家攝影文化中心表示，「辦桌」是台灣特有在地文化，在婚宴喜慶中，參與者一同共享桌上佳餚，凝聚大家的情感。此次合作以「相揪逗鬧熱」的形式，呈現系列獨特的攝影作品，詮釋攝影與記憶、身體、空間及社會議題的關聯。「攝影上桌—影像宴」即日起於國家攝影文化中心台北館1樓未來市光年空間展出至30日。|/news/acul/202503120388.aspx|https://imgcdn.cna.com.tw/www/WebPhotos/200/20250312/1164x768_wmkn_0_C20250312000253.jpg
acul_20250312_3|2025-03-12|文化|國父逝世100週年特展 展出當年醫書院高分成績單|國父紀念館舉辦「紀念國父逝世100週年」活動，包括音樂會、學術研討會及特展，其中展出國父在香港西醫書院的成績紀錄簿，包括解剖學、生理學到藥物學，幾乎都是優等「H」。「孫中山與臺灣：革命理想與當代共鳴」特展由國父紀念館邀請國立政治大學與國民黨文傳會黨史館協辦，聚焦國父與台灣的深厚淵源，回顧革命歷程與現代社會的共鳴。特展透過靜態文件展示與數位影片運用，展現孫中山的革命精神如何在當代台灣社會中產生共鳴。為了豐富展件文物，國父紀念館這次也商請國民黨黨史館協助「國父手書自傳」及「國父在香港西醫書院之成績紀錄簿」兩件文物的複製品展出，其中成績紀錄簿記載國父孫中山西元1887年1月開始在香港西醫書院就讀，1892年7月取得畢業證書。成績紀錄簿顯示孫中山就學期間成績優異，包括植物學、化學骨科解剖學、一般解剖學、生理學、藥物學、病理學、法醫學、公共衛生助產學等科目拿到優等「H」；醫學、外科學等科目也拿到及格的「P」，備註欄還說明「極為優秀（with great distinction）」。根據國父紀念館發布的新聞資料，今天上午國父紀念館館長王蘭生率全體同仁向國父銅像行禮致敬，9時起開放社會各界團體及民眾向國父銅像行禮致敬，表達對國父的追思緬懷與敬意。現場也舉辦「共創綠生活」植樹節贈送樹苗活動，提供桂花、杜鵑、朱槿等花苗贈送現場排隊民眾。「孫學新探：中山思想與當代國家發展」學術研討會由國父紀念館邀請財團法人中華民國中山學術文化基金會、國立政治大學共同主辦，邀請中研院近史所研究員黃自進專題演講，並舉辦「中山思想與民國歷史」和「中山思想與國家發展」兩場論文發表會，聚焦百年中山思想對當代國家發展的啟示與意義。|/news/acul/202503120384.aspx|https://imgcdn.cna.com.tw/www/WebPhotos/200/20250312/1151x768_wmkn_0_C20250312000251.jpg
acul_20250312_4|2025-03-12|文化|故宮北院二館啟用展 美國大都會博物館典藏6月登台|美國紐約大都會藝術博物館典藏6月將首度登台，集結81件作品為「美國大都會博物館名作展」，呈現印象派到現代主義流變，這也是故宮北院第二展覽館整修後的首檔正式展覽。國立故宮博物院今天發布新聞稿表示，故宮與美國大都會博物館的友好交流可追溯至1961年，當時院藏精品遠赴大都會博物館展出，1996年更舉辦「中華瑰寶展」巡迴全美4大城市，吸引近百萬觀眾。今年為故宮100週年院慶，故宮表示，為讓民眾在台灣即可欣賞國際級藝術作品，故宮攜手時藝多媒體特別引進大都會博物館珍藏，共同呈獻「從印象派到現代主義－美國大都會博物館名作展」，邀請民眾飽覽從印象派到早期現代主義的藝術精華。「從印象派到現代主義－美國大都會博物館名作展」由大都會博物館策展，特別遴選藏家雷曼（Robert Lehman）捐贈給大都會博物館的珍貴藏品來台。1969年雷曼辭世，其基金會向大都會博物館捐贈橫跨700年、總計2700件世界名作，而雷曼收藏為過去一世紀間美國最為重要的私人藝術收藏之一。此次展覽精選其中81件繪畫和素描，作品範圍從印象派、後印象派到早期現代主義，跨越19世紀中葉至20 世紀中葉，並精選38位藝術家的經典名作，涵蓋印象派領導人物雷諾瓦、後印象派大師梵谷與塞尚、色彩的遊戲家馬諦斯，以及考特、高更、秀拉、畢沙羅等知名畫家。「從印象派到現代主義－美國大都會博物館名作展」早鳥優惠票將在3月13日至31日限時發售，而展覽將在6月14日至10月12日展出。|/news/acul/202503120246.aspx|https://imgcdn.cna.com.tw/www/WebPhotos/200/20250312/804x1024_wmkn_0_C20250312003011.jpg
acn_20250312_1|2025-03-12|兩岸|國台辦挺藝人轉央視貼文 陸委會：中共沒資格談言論自由|中國大陸國台辦指稱，藝人轉「台灣必歸」貼文恐被查處、陸配鼓吹統戰被廢止在台依親居留許可，這是打壓言論、思想自由；陸委會回應，中共沒有資格談言論、思想、選擇自由。大陸委員會（陸委會）12日晚透過書面回應，中共對台統戰、滲透無所不用其極，長期透過經貿、旅遊、教育、文化等各層面滲透台灣社會，中共堅持一黨專政，箝制思想、嚴控輿論、迫害人權，沒有資格談言論自由、思想自由、選擇自由。陸委會強調，政府基於國家安全與公共利益，加強反制中共統戰、強化全民心防，這是正當及必要的措施，這種努力也將持續下去。中國大陸國務院台灣事務辦公室（國台辦）12日上午召開例行記者會。中國大陸國台辦發言人陳斌華指稱，陸委會擬對轉發央視「台灣必歸」貼文的台灣藝人查處，這是企圖限制、剝奪台灣民眾的思想自由、言論自由。陸配劉姓女子利用社群帳號「亞亞在台灣」公然鼓吹武統言論，內政部移民署廢止其在台依親居留許可。陳斌華認為，這是打壓台灣不同立場的聲音；他批評，舉報者、網紅八炯是「宵小之輩」、「必遭嚴懲」。|/news/acn/202503120348.aspx|https://imgcdn.cna.com.tw/www/webphotos/WebCover/420/20250312/1590x1192_47048471405.jpg
acn_20250312_2|2025-03-12|兩岸|打破出事謠言 趙樂際現身看望新聞工作者|全國人大常委會委員長趙樂際連兩日缺席兩會，引發外界關注。中國官媒央視報導，趙樂際今天下午出席看望報導人大會議的新聞工作者，等同打破「出事」謠言。中國兩會期間，趙樂際因「呼吸道感染」請假人大閉幕，引起外界極大關注。不過，今天晚間7時的央視新聞聯播在第4則播報趙樂際出席活動的新聞，央視給予趙樂際多個鏡頭畫面，形同打破傳言。據央視新聞今晚報導，趙樂際12日下午在北京人民大會堂看望參加14屆全國人大三次會議新聞報導的中央主要新聞單位負責人員和新聞工作者，代表大會主席團和全國人大常委會，向參加大會新聞宣傳的全體新聞工作者表示問候和感謝。趙樂際指出，在中共中央集中統一領導下，大會秘書處、各有關部門、主要新聞單位完成中共中央交付的政治任務，包含突出報導中共總書記習近平的活動、唱響中國經濟光明論，並且展現「務實高效的民主實踐」。趙樂際強調，希望各界繼續深挖和用好人民代表大會制度、人大工作、人大代表的新聞「富礦」，共同推動國家根本政治制度深入人心，講好中國故事，以及全過程人民民主故事。報導指出，中共中央政治局委員、中央宣傳部部長李書磊，中共中央政治局委員、全國人大常委會副委員長李鴻忠等一同看望。|/news/acn/202503120381.aspx|
acn_20250312_3|2025-03-12|兩岸|阿里巴巴主席：民營企業座談會釋放積極訊號|中國電商阿里巴巴集團主席蔡崇信今天在新加坡舉辦的一場論壇對話中表示，幾週前召開的民營企業座談會釋放「非常積極的訊號」，民營企業將在信心驅動下展開投資、新增招聘，進而轉化為消費信心。中國媒體澎湃新聞報導，蔡崇信表示，在座談會後，阿里巴巴宣布，未來3年將在雲計算基礎設施和AI硬體上投資超過500億美元，「我們決定將收入重新投入到AI和雲計算基礎設施建設上。同樣，其他民營企業有信心，也會採取行動」。蔡崇信還分享了對AI開源開放的看法。他指出，開源的力量在於令中小企業和創業者低成本使用AI。他說，「技術進步的意義不在於中國是否擁有比美國更好的AI，而是在於開源能夠普惠地幫助人們掌握AI的力量」，「AI不是大企業的專屬遊戲，中小企業將受益於開源開放，未來應用繁榮將正是今天開源的結果」。蔡崇信並在論壇上表示，人工智慧的潛在市場規模至少有10兆美元，甚至可能更大，這一規模超過了交通運輸和醫療保險等行業，「這就是為什麼每個人都應該對人工智慧感到興奮」。民營企業座談會2月17日在北京召開，包括阿里巴巴創辦人馬雲等多名民企負責人出席。座談會上，有6位民營企業負責人代表先後發言，針對新形勢下促進民營經濟發展提出意見和建議。|/news/acn/202503120353.aspx|
acn_20250312_4|2025-03-12|兩岸|香港3所中學師生到大陸交流後出現腸胃炎| 香港「反送中」運動結束後，港府安排中學生到中國大陸交流，以了解國情，但最近有前往交流的師生先後出現腸胃炎，引起港方關注。官方香港電台今天報導，最近本地有3所中學的交流團先後前往廣東韶關，其後都有師生出現腸胃炎，代表教育界的立法會議員朱國強說，這些交流團由教育局主辦、旅行社或遊學機構承辦，也有招標程序。他說，過往也曾發生類似情況，但這次事件涉及3所學校，人數較多，情況少見。他促請教育局嚴肅處理，如果證實承辦單位在安排上有疏忽，或到訪衛生環境欠佳的餐廳，應該負上責任。他表示，下週仍有至少一所學校計畫前往韶關考察，教育局應該考慮協助學校改期或更改地點。在「反送中」結束後，港府於2021至22學年度推出公民與社會發展科（公民科），取代舊有通識教育科；公民科內容包括規定各校安排高中生至少有前往大陸考察一次的機會，讓學生了解中國國情和發展，提升國民身分認同。|/news/acn/202503120324.aspx|
